1732477432,67125873,base_link,270.3463134765625
1732477433,69163331,base_link,270.3829040527344
1732477434,67013834,base_link,270.38031005859375
1732477435,69048341,base_link,270.9377136230469
1732477436,70396593,base_link,270.5007019042969
1732477437,67508519,base_link,270.41241455078125
1732477438,69359981,base_link,269.5963134765625
1732477439,70651078,base_link,269.70208740234375
1732477440,66865254,base_link,269.4129943847656
1732477441,68672769,base_link,269.7752990722656
1732477442,69986551,base_link,270.50909423828125
1732477443,68359881,base_link,269.4024963378906
1732477444,69900676,base_link,269.9089050292969
1732477445,67305540,base_link,269.3537902832031
1732477446,68774820,base_link,269.2709045410156
1732477447,70234620,base_link,269.10101318359375
1732477448,67247010,base_link,270.12701416015625
1732477449,69110608,base_link,270.2862854003906
1732477450,70418924,base_link,269.918212890625
1732477451,67521813,base_link,270.1881103515625
1732477452,69185432,base_link,269.3996887207031
1732477453,67927868,base_link,270.49951171875
1732477454,69046318,base_link,270.372314453125
1732477455,70591345,base_link,270.3669128417969
1732477456,67391826,base_link,270.0317077636719
1732477457,69565115,base_link,269.5707092285156
1732477458,67767797,base_link,270.6783142089844
1732477459,69375725,base_link,270.3334045410156
1732477460,70376308,base_link,270.0076904296875
1732477461,67943618,base_link,270.39239501953125
1732477462,69831250,base_link,270.7257080078125
1732477463,68105646,base_link,270.3540954589844
1732477464,69668502,base_link,270.565185546875
1732477465,67740727,base_link,270.28021240234375
1732477466,69290092,base_link,264.7724914550781
1732477467,67640777,base_link,266.61468505859375
1732477468,69266285,base_link,272.2663879394531
1732477469,67463564,base_link,272.6424865722656
1732477470,67465535,base_link,272.5548095703125
1732477471,68164875,base_link,271.3976135253906
1732477472,70001995,base_link,270.060302734375
1732477473,68759381,base_link,268.8229064941406
1732477474,70038150,base_link,278.3439025878906
1732477475,67826693,base_link,287.1022033691406
1732477476,67780552,base_link,293.6543884277344
1732477477,69281381,base_link,300.4219055175781
1732477478,70862015,base_link,303.97149658203125
1732477479,68848043,base_link,306.7101135253906
1732477480,70590443,base_link,310.1435852050781
1732477481,67934857,base_link,313.2709045410156
1732477482,69520705,base_link,312.2737121582031
1732477483,70758481,base_link,314.07501220703125
1732477484,67873975,base_link,312.364501953125
1732477485,69912539,base_link,312.4859924316406
1732477486,71308851,base_link,312.1344909667969
1732477487,67768453,base_link,312.31451416015625
1732477488,69379126,base_link,312.62750244140625
1732477489,70611567,base_link,311.6796875
1732477490,67557491,base_link,312.17889404296875
1732477491,69621063,base_link,312.989013671875
1732477492,71042333,base_link,312.27490234375
1732477493,68802454,base_link,311.84381103515625
1732477494,70758667,base_link,311.86871337890625
1732477495,68025252,base_link,312.1622009277344
1732477496,69734333,base_link,312.95379638671875
1732477497,68459228,base_link,312.2992858886719
1732477498,70662539,base_link,311.73919677734375
1732477499,67736303,base_link,311.8537902832031
1732477500,69515679,base_link,312.0852966308594
1732477501,71071058,base_link,312.2684020996094
1732477502,67741461,base_link,311.4606018066406
1732477503,69944495,base_link,310.9529113769531
1732477504,71147058,base_link,311.6885070800781
1732477505,67925418,base_link,312.97039794921875
1732477506,69990612,base_link,311.8887939453125
1732477507,71476857,base_link,311.45599365234375
1732477508,67921278,base_link,311.7164001464844
1732477509,69377617,base_link,311.8486022949219
1732477510,70871009,base_link,311.4757995605469
1732477511,68445042,base_link,312.2994079589844
1732477512,70737279,base_link,311.3149108886719
1732477513,68800498,base_link,311.6485900878906
1732477514,70701269,base_link,311.1960144042969
1732477515,68812795,base_link,313.4490966796875
1732477516,70448164,base_link,311.2904052734375
1732477517,68109429,base_link,311.5356140136719
1732477518,69463410,base_link,312.78680419921875
1732477519,70871166,base_link,309.80718994140625
1732477520,68317775,base_link,311.9627990722656
1732477521,69725621,base_link,312.7408142089844
1732477522,71052242,base_link,313.9126892089844
1732477523,69199876,base_link,312.1531066894531
1732477524,70912867,base_link,311.7838134765625
1732477525,68899711,base_link,310.9386901855469
1732477526,70860088,base_link,311.40521240234375
1732477527,68104696,base_link,312.20660400390625
1732477528,69683846,base_link,309.2796936035156
1732477529,71051158,base_link,309.6487121582031
1732477530,68062220,base_link,311.1524963378906
1732477531,69798591,base_link,310.51568603515625
1732477532,71397129,base_link,311.0928955078125
1732477533,69503067,base_link,313.44219970703125
1732477534,71135774,base_link,313.73089599609375
1732477535,68206689,base_link,313.3742980957031
1732477536,70086325,base_link,312.0906982421875
1732477537,71438647,base_link,311.22540283203125
1732477538,68477088,base_link,311.85369873046875
1732477539,70218413,base_link,312.5292053222656
1732477540,71597315,base_link,309.76470947265625
1732477541,68670842,base_link,312.62939453125
1732477542,70609427,base_link,311.2038879394531
1732477543,69152272,base_link,309.49951171875
1732477544,70413691,base_link,303.0707092285156
1732477545,68671125,base_link,300.8258056640625
1732477546,70273671,base_link,300.18121337890625
1732477547,71569607,base_link,300.22698974609375
1732477548,68080561,base_link,302.0968017578125
1732477549,68469284,base_link,315.20941162109375
1732477550,69934336,base_link,331.12109375
1732477551,68743071,base_link,325.63751220703125
1732477598,68314557,base_link,275.901611328125
1732477599,68461169,base_link,275.4997863769531
1732477600,68405229,base_link,272.12811279296875
1732477601,68315801,base_link,272.377685546875
1732477602,67977005,base_link,270.59429931640625
1732477603,68762295,base_link,268.0777893066406
1732477604,68314673,base_link,258.0255126953125
1732477605,68950305,base_link,248.5679931640625
1732477606,68137205,base_link,243.8654022216797
1732477607,68169372,base_link,240.63470458984375
1732477608,68373488,base_link,241.8466033935547
1732477609,68605419,base_link,231.5511016845703
1732477610,68194686,base_link,221.99000549316406
1732477611,68487903,base_link,206.48170471191406
1732477612,68288294,base_link,192.48899841308594
1732477613,68660750,base_link,174.17889404296875
1732477614,68292107,base_link,167.00070190429688
1732477615,69820343,base_link,161.3054962158203
1732477616,71035160,base_link,154.09210205078125
1732477617,68408241,base_link,154.27630615234375
1732477618,68321456,base_link,150.6781005859375
1732477619,68116681,base_link,137.6519012451172
1732477620,67970441,base_link,120.6769027709961
1732477621,68565453,base_link,107.94249725341797
1732477622,68116030,base_link,113.6135025024414
1732477623,69371110,base_link,105.11750030517578
1732477624,68152755,base_link,97.4490966796875
1732477625,68202808,base_link,96.77770233154297
1732477626,68146119,base_link,94.33059692382812
1732477627,69861917,base_link,93.26580047607422
1732477628,71129480,base_link,90.92120361328125
1732477629,72603293,base_link,88.42829895019531
1732477630,68051023,base_link,85.37139892578125
1732477631,68134796,base_link,81.80740356445312
1732477632,67735398,base_link,72.2041015625
1732477633,68636698,base_link,61.97159957885742
1732477634,67954562,base_link,57.915401458740234
1732477635,68300677,base_link,58.94409942626953
1732477636,68193006,base_link,61.13959884643555
1732477637,68085385,base_link,62.674800872802734
1732477638,68052624,base_link,63.089599609375
1732477639,68186019,base_link,64.43800354003906
1732477640,68199796,base_link,66.20320129394531
1732477641,69358253,base_link,70.18409729003906
1732477642,68481627,base_link,78.09110260009766
1732477643,69372269,base_link,86.70929718017578
1732477644,68604484,base_link,89.05400085449219
1732477645,68715946,base_link,86.78780364990234
1732477646,68004766,base_link,87.56580352783203
1732477647,68545151,base_link,87.54810333251953
1732477648,67797467,base_link,85.8821029663086
1732477649,67921562,base_link,85.6250991821289
1732477650,67931838,base_link,87.58280181884766
1732477651,68048223,base_link,88.00129699707031
1732477652,67960799,base_link,91.31279754638672
1732477653,68796858,base_link,86.21410369873047
1732477654,67844949,base_link,85.92729949951172
1732477655,67962047,base_link,89.01370239257812
1732477656,68120934,base_link,92.75689697265625
1732477657,68486796,base_link,93.50689697265625
1732477658,67883971,base_link,100.70760345458984
1732477659,68680234,base_link,105.0824966430664
1732477660,67918797,base_link,108.27739715576172
1732477661,68745841,base_link,111.63919830322266
1732477662,68727640,base_link,110.43599700927734
1732477663,70169188,base_link,112.489501953125
1732477664,71562560,base_link,114.98090362548828
1732477665,68559419,base_link,115.55069732666016
1732477666,70391572,base_link,115.9988021850586
1732477667,71772354,base_link,116.46839904785156
1732477668,73213815,base_link,116.00800323486328
1732477669,68751970,base_link,117.01830291748047
1732477670,70158891,base_link,118.2582015991211
1732477671,71641463,base_link,120.52899932861328
1732477672,73059524,base_link,120.91500091552734
1732477673,74540201,base_link,120.26899719238281
1732477674,68325350,base_link,119.17680358886719
1732477675,68429763,base_link,119.49539947509766
1732477676,68545755,base_link,118.2699966430664
1732477677,69315134,base_link,115.71910095214844
1732477678,68447039,base_link,112.04820251464844
1732477679,70067876,base_link,113.04219818115234
1732477680,71567852,base_link,115.08550262451172
1732477681,72968622,base_link,113.79630279541016
1732477682,68231442,base_link,113.99130249023438
1732477683,69717464,base_link,115.76529693603516
1732477684,68916990,base_link,117.69779968261719
1732477719,72397335,base_link,141.3292999267578
1732477724,74545286,base_link,153.84800720214844
1732477725,70000787,base_link,140.71600341796875
1732477726,69416632,base_link,140.55740356445312
1732477727,69639897,base_link,141.71670532226562
1732477728,69239011,base_link,140.0
1732477729,69682816,base_link,140.06210327148438
1732477730,69573671,base_link,142.18150329589844
1732477731,69981262,base_link,141.3206024169922
1732477732,69044457,base_link,140.70790100097656
1732477733,70206745,base_link,139.31089782714844
1732477734,69679380,base_link,138.24459838867188
1732477742,69397629,base_link,131.32510375976562
1732477743,70160435,base_link,130.62159729003906
1732477744,69134945,base_link,129.85110473632812
1732477745,69274860,base_link,130.72250366210938
1732477746,69243180,base_link,130.79339599609375
1732477749,70224497,base_link,130.1103057861328
1732477750,69695444,base_link,131.10189819335938
1732477753,70106875,base_link,132.56239318847656
1732477763,69929310,base_link,130.9658966064453
1732477764,69095062,base_link,131.164306640625
1732477765,69297745,base_link,130.63189697265625
1732477766,68948086,base_link,130.47250366210938
1732477767,70066776,base_link,131.0706024169922
1732477768,69203425,base_link,130.85879516601562
1732477769,69434058,base_link,130.56849670410156
1732477770,69386566,base_link,130.6157989501953
1732477771,69315483,base_link,130.70989990234375
1732477772,69072993,base_link,130.36439514160156
1732477775,69430218,base_link,130.18499755859375
1732477776,69207448,base_link,131.61849975585938
1732477777,69401590,base_link,130.44949340820312
1732477778,69111344,base_link,131.03720092773438
1732477779,69405967,base_link,130.10299682617188
1732477780,69463797,base_link,130.35389709472656
1732477781,70229666,base_link,130.37579345703125
1732477782,69550884,base_link,130.71710205078125
1732477783,71043603,base_link,130.46969604492188
1732477784,69506625,base_link,131.83779907226562
1732477785,71363467,base_link,132.1042938232422
1732477786,70131485,base_link,132.53179931640625
1732477787,73848631,base_link,132.07960510253906
1732477788,71429109,base_link,132.2218017578125
1732477789,74890948,base_link,131.93240356445312
1732477790,72225209,base_link,131.60870361328125
1732477791,70597219,base_link,130.21090698242188
1732477792,74153104,base_link,130.25999450683594
1732477793,71627678,base_link,129.97970581054688
1732477794,75222649,base_link,130.88909912109375
1732477795,72672148,base_link,131.55209350585938
1732477796,70062473,base_link,131.9102020263672
1732477797,70181028,base_link,130.54879760742188
1732477798,69875477,base_link,130.9615020751953
1732477799,69807748,base_link,131.7277069091797
1732477800,69868153,base_link,131.1343994140625
1732477801,70501340,base_link,131.2259979248047
1732477802,70120677,base_link,129.80740356445312
1732477803,71035806,base_link,130.45770263671875
1732477804,70081239,base_link,130.43490600585938
1732477805,69867476,base_link,129.835205078125
1732477806,73324032,base_link,129.59869384765625
1732477807,70856233,base_link,129.83070373535156
1732477808,74069965,base_link,129.93170166015625
1732477809,71735808,base_link,129.74459838867188
1732477810,69645215,base_link,131.6811981201172
1732477811,73566591,base_link,129.47569274902344
1732477812,71053556,base_link,128.29229736328125
1732477813,70873708,base_link,126.01820373535156
1732477814,70122256,base_link,126.38680267333984
1732477815,70497187,base_link,123.50299835205078
1732477816,70652936,base_link,121.9312973022461
1732477817,70626395,base_link,118.7531967163086
1732477818,70199609,base_link,115.4302978515625
1732477819,70792627,base_link,112.6072006225586
1732477820,70426334,base_link,111.55130004882812
1732477821,73887736,base_link,110.76820373535156
1732477822,71301554,base_link,109.05290222167969
1732477823,70874920,base_link,107.59660339355469
1732477824,74070062,base_link,100.5239028930664
1732477825,71683638,base_link,88.09559631347656
1732477826,70643323,base_link,76.89900207519531
1732477827,74505320,base_link,68.49359893798828
1732477828,71944713,base_link,61.81869888305664
1732477829,70781984,base_link,57.903099060058594
1732477830,74740559,base_link,56.41579818725586
1732477831,70823622,base_link,56.23720169067383
1732477832,73741430,base_link,54.27830123901367
1732477833,71197354,base_link,55.21120071411133
1732477834,74637527,base_link,56.05099868774414
1732477835,71910244,base_link,56.274200439453125
1732477836,70401973,base_link,55.499000549316406
1732477837,71149914,base_link,57.06650161743164
1732477838,70835706,base_link,57.01459884643555
1732477839,73675825,base_link,56.76279830932617
1732477840,71213940,base_link,56.554500579833984
1732477841,71097570,base_link,57.7577018737793
1732477842,70571389,base_link,56.25429916381836
1732477843,71363698,base_link,56.83660125732422
1732477844,70725941,base_link,57.24169921875
1732477845,70936762,base_link,56.32429885864258
1732477846,70853559,base_link,56.76449966430664
1732477847,70888096,base_link,56.53519821166992
1732477848,74568464,base_link,57.21739959716797
1732477849,72322120,base_link,56.31549835205078
1732477850,70122999,base_link,56.762901306152344
1732477851,73897254,base_link,56.07979965209961
1732477852,71594037,base_link,56.72809982299805
1732477853,70949396,base_link,56.13949966430664
1732477854,74386820,base_link,56.723899841308594
1732477855,71816091,base_link,56.72140121459961
1732477856,69948944,base_link,56.73820114135742
1732477857,73574267,base_link,55.858299255371094
1732477858,71184947,base_link,55.14149856567383
1732477859,70676537,base_link,58.017398834228516
1732477860,69974237,base_link,63.12229919433594
1732477861,71154576,base_link,66.45379638671875
1732477862,74823667,base_link,69.45469665527344
1732477863,72460752,base_link,69.29149627685547
1732477864,70801073,base_link,72.4738998413086
1732477865,74164088,base_link,74.4905014038086
1732477866,71697999,base_link,80.30269622802734
1732477867,70894171,base_link,83.88839721679688
1732477868,74510902,base_link,89.77770233154297
1732477869,70938088,base_link,91.08879852294922
1732477870,70794826,base_link,94.83200073242188
1732477871,73924393,base_link,94.19270324707031
1732477872,71577279,base_link,93.57710266113281
1732477873,71129580,base_link,92.35800170898438
1732477874,74472771,base_link,91.23539733886719
1732477875,71170910,base_link,92.68329620361328
1732477876,74134242,base_link,92.3218002319336
1732477877,71938877,base_link,92.78919982910156
1732477878,75159067,base_link,99.15499877929688
1732477879,72767966,base_link,104.84729766845703
1732477880,76124600,base_link,108.79460144042969
1732477881,73532657,base_link,112.1675033569336
1732477882,70828931,base_link,113.86940002441406
1732477883,74135970,base_link,116.60659790039062
1732477884,71833072,base_link,120.30139923095703
1732477885,70101263,base_link,122.27079772949219
1732477886,73582971,base_link,125.59770202636719
1732477887,71225397,base_link,127.96179962158203
1732477888,74565923,base_link,131.37789916992188
1732477889,71809345,base_link,137.3282928466797
1732477890,75236339,base_link,139.22349548339844
1732477891,72773525,base_link,140.98199462890625
1732477892,70697011,base_link,144.5124053955078
1732477893,72011775,base_link,149.5113983154297
1732477894,70627002,base_link,155.89700317382812
1732477895,70632213,base_link,160.40679931640625
1732477896,70732807,base_link,165.3751983642578
1732477897,71215274,base_link,170.96490478515625
1732477898,70463079,base_link,174.62759399414062
1732477899,70356937,base_link,178.20700073242188
1732477900,70976590,base_link,182.64320373535156
1732477901,71039704,base_link,187.3256072998047
1732477902,70303849,base_link,190.77099609375
1732477903,72091753,base_link,195.42539978027344
1732477904,70467882,base_link,201.28880310058594
1732477905,71246600,base_link,202.77639770507812
1732477906,70969533,base_link,203.32589721679688
1732477907,70858647,base_link,210.95399475097656
1732477908,71058883,base_link,216.49009704589844
1732477909,71508561,base_link,219.79359436035156
1732477910,70407063,base_link,220.43179321289062
1732477911,71666416,base_link,221.71470642089844
1732477912,70868368,base_link,222.4593963623047
1732477913,71729468,base_link,223.32159423828125
1732477914,70773253,base_link,227.8227996826172
1732477915,72418513,base_link,232.49560546875
1732477916,70551056,base_link,239.21800231933594
1732477917,71496179,base_link,242.5944061279297
1732477918,70923712,base_link,245.5093994140625
1732477919,70879574,base_link,249.72320556640625
1732477920,71027600,base_link,249.5802001953125
1732477921,71274152,base_link,252.57269287109375
1732477922,71151227,base_link,254.37399291992188
1732477923,73065576,base_link,255.75599670410156
1732477924,71169784,base_link,259.4466857910156
1732477925,71005098,base_link,264.42181396484375
1732477926,70798453,base_link,263.8472900390625
1732477927,71228456,base_link,265.4422912597656
1732477928,70532580,base_link,269.68328857421875
1732477929,71508914,base_link,273.0978088378906
1732477930,70582499,base_link,275.0054931640625
1732477931,71164225,base_link,278.0270080566406
1732477932,70489511,base_link,281.6122131347656
1732477933,71755639,base_link,283.7182922363281
1732477934,70514778,base_link,288.40350341796875
1732477935,70695413,base_link,291.28741455078125
1732477936,70642422,base_link,292.71148681640625
1732477937,70935594,base_link,297.22601318359375
1732477938,70614060,base_link,299.9548034667969
1732477939,71521270,base_link,304.6897888183594
1732477940,70436614,base_link,305.8866882324219
1732477941,71389872,base_link,306.18121337890625
1732477942,70939884,base_link,306.62200927734375
1732477943,71514283,base_link,308.5093078613281
1732477944,70678874,base_link,309.37860107421875
1732477945,71452832,base_link,313.6950988769531
1732477946,70942153,base_link,315.75390625
1732477947,71823159,base_link,317.3240051269531
1732477948,71325681,base_link,323.28759765625
1732477949,71378176,base_link,326.9585876464844
1732477950,71238238,base_link,330.22210693359375
1732477951,71807698,base_link,333.0596923828125
1732477952,71134697,base_link,336.1288146972656
1732477953,71764396,base_link,336.3505859375
1732477954,70951993,base_link,337.4211120605469
1732477955,71571018,base_link,340.50189208984375
1732477956,71499189,base_link,341.7489013671875
1732477957,71749325,base_link,342.0028076171875
1732477958,71462984,base_link,342.80621337890625
1732477959,71940329,base_link,341.13250732421875
1732477960,71440899,base_link,342.9476013183594
1732477961,71827291,base_link,347.5671081542969
1732477962,71249251,base_link,350.4085998535156
1732477963,71743207,base_link,351.1630859375
1732477964,70699438,base_link,351.7314147949219
1732477965,71891185,base_link,353.2992858886719
1732477966,71144390,base_link,352.9992980957031
1732477967,71170148,base_link,352.57159423828125
1732477968,71242561,base_link,353.08758544921875
1732477969,71921162,base_link,351.5563049316406
1732477970,70951979,base_link,351.197998046875
1732477971,71481971,base_link,352.0504150390625
1732477972,71135590,base_link,351.9910888671875
1732477973,71928685,base_link,351.6669006347656
1732477974,70969774,base_link,351.7127990722656
1732477975,71610590,base_link,351.3190002441406
1732477976,70901682,base_link,352.45831298828125
1732477977,71590294,base_link,351.7267150878906
1732477978,71013536,base_link,351.4978942871094
1732477979,71209229,base_link,351.0826110839844
1732477980,70857971,base_link,351.7742919921875
1732477981,71653815,base_link,351.6158142089844
1732477982,70887383,base_link,351.3608093261719
1732477983,72041848,base_link,351.60418701171875
1732477984,71102606,base_link,351.0470886230469
1732477985,71034632,base_link,352.5271911621094
1732477986,70900879,base_link,351.9743957519531
1732477987,71461643,base_link,353.355712890625
1732477988,70971597,base_link,352.998291015625
1732477989,71087511,base_link,356.99481201171875
1732477990,70853728,base_link,358.2366027832031
1732477991,71127451,base_link,357.0260925292969
1732477992,70966450,base_link,356.7099914550781
1732477993,72119362,base_link,357.31060791015625
1732477994,70932732,base_link,357.5992126464844
1732477995,71488786,base_link,1.0042999982833862
1732477996,71096660,base_link,5.55709981918335
1732477997,71041490,base_link,10.046299934387207
1732477998,70855127,base_link,15.680500030517578
1732477999,71605264,base_link,16.73870086669922
1732478000,75240661,base_link,17.793399810791016
1732478001,72868177,base_link,18.734699249267578
1732478002,71157317,base_link,20.993200302124023
1732478003,74679788,base_link,19.15850067138672
1732478004,72250547,base_link,20.149200439453125
1732478005,71536289,base_link,21.24959945678711
1732478006,71220302,base_link,22.04050064086914
1732478007,74402748,base_link,21.183500289916992
1732478008,72124571,base_link,20.54490089416504
1732478009,71824890,base_link,22.082199096679688
1732478010,74907873,base_link,20.344999313354492
1732478011,72410041,base_link,20.495100021362305
1732478012,75626369,base_link,19.68720054626465
1732478013,72579049,base_link,20.675100326538086
1732478014,71671331,base_link,24.62420082092285
1732478015,71649660,base_link,27.052099227905273
1732478016,75415633,base_link,27.728099822998047
1732478017,73111357,base_link,27.749099731445312
1732478018,71286927,base_link,27.431100845336914
1732478019,74653459,base_link,25.747100830078125
1732478020,72197744,base_link,28.039499282836914
1732478021,75594506,base_link,30.332799911499023
1732478022,73159238,base_link,29.12700080871582
1732478023,76259843,base_link,29.545799255371094
1732478024,73696809,base_link,29.82349967956543
1732478025,71760462,base_link,29.689800262451172
1732478026,75677370,base_link,30.72960090637207
1732478027,73132445,base_link,32.32600021362305
1732478028,70907509,base_link,30.27869987487793
1732478029,74446130,base_link,29.180599212646484
1732478030,72384698,base_link,29.93400001525879
1732478031,75785351,base_link,30.046499252319336
1732478032,73272124,base_link,29.682199478149414
1732478033,76678722,base_link,31.16950035095215
1732478034,73989717,base_link,30.378700256347656
1732478035,71404049,base_link,31.190200805664062
1732478036,74802981,base_link,30.696199417114258
1732478037,72205596,base_link,30.214799880981445
1732478038,70907490,base_link,31.33289909362793
1732478039,70908050,base_link,29.982200622558594
1732478040,70840192,base_link,30.330699920654297
1732478041,70904389,base_link,29.90999984741211
1732478042,70761841,base_link,29.53660011291504
1732478043,71643551,base_link,29.643999099731445
1732478044,70207639,base_link,29.619699478149414
1732478045,70934003,base_link,30.987899780273438
1732478046,70953827,base_link,29.181100845336914
1732478047,71589143,base_link,30.157800674438477
1732478048,71161704,base_link,29.86669921875
1732478049,71055387,base_link,30.486400604248047
1732478050,70972912,base_link,30.399799346923828
1732478051,71249958,base_link,30.477100372314453
1732478052,70838743,base_link,30.615400314331055
1732478053,71830107,base_link,30.533599853515625
1732478054,70625727,base_link,30.960100173950195
1732478055,71584317,base_link,31.528099060058594
1732478056,70825091,base_link,31.805500030517578
1732478057,70904468,base_link,31.583499908447266
1732478058,70870269,base_link,31.896900177001953
1732478059,71063300,base_link,31.64389991760254
1732478060,70590188,base_link,31.430999755859375
1732478061,70786473,base_link,32.00740051269531
1732478062,70846998,base_link,33.02349853515625
1732478063,71547938,base_link,35.63639831542969
1732478064,70715624,base_link,34.877899169921875
1732478065,70826445,base_link,31.48819923400879
1732478066,70777015,base_link,29.720399856567383
1732478067,70797309,base_link,26.996599197387695
1732478068,70836901,base_link,22.615299224853516
1732478069,73973772,base_link,18.37579917907715
1732478070,71564909,base_link,14.440999984741211
1732478071,71016216,base_link,9.360400199890137
1732478072,74468593,base_link,2.5025999546051025
1732478073,72229112,base_link,0.5978999733924866
1732478074,75227902,base_link,1.0039000511169434
1732478075,72669230,base_link,1.21589994430542
1732478076,76075726,base_link,0.49399998784065247
1732478077,73419063,base_link,357.805908203125
1732478078,70793180,base_link,354.8797912597656
1732478079,74418046,base_link,349.8919982910156
1732478080,71787903,base_link,346.5570983886719
1732478081,75088430,base_link,344.764404296875
1732478082,72723722,base_link,343.46038818359375
1732478083,76055599,base_link,345.03851318359375
1732478084,73664600,base_link,346.1112976074219
1732478085,77018014,base_link,345.7450866699219
1732478086,74687566,base_link,345.9482116699219
1732478087,72036927,base_link,343.9433898925781
1732478088,75233866,base_link,344.77349853515625
1732478089,72900976,base_link,345.1700134277344
1732478090,76018616,base_link,341.3703918457031
1732478091,73598620,base_link,338.8429870605469
1732478092,70558865,base_link,338.56549072265625
1732478093,74575886,base_link,339.1565856933594
1732478094,70514303,base_link,338.4833068847656
1732478095,74434972,base_link,338.76971435546875
1732478096,71672895,base_link,339.535400390625
1732478097,74997118,base_link,340.84521484375
1732478098,72725967,base_link,340.4884033203125
1732478099,75800311,base_link,341.3756103515625
1732478100,73645203,base_link,342.279296875
1732478101,70749090,base_link,345.8204040527344
1732478102,74157370,base_link,348.15399169921875
1732478103,71684359,base_link,346.4020080566406
1732478104,70303789,base_link,344.73748779296875
1732478105,73448751,base_link,346.1767883300781
1732478106,71053337,base_link,345.24749755859375
1732478107,71480476,base_link,344.3580017089844
1732478108,71430282,base_link,344.60479736328125
1732478109,72398904,base_link,344.64581298828125
1732478110,71309134,base_link,344.2969970703125
1732478111,71860520,base_link,344.6036071777344
1732478112,71006766,base_link,344.2803955078125
1732478113,71887538,base_link,344.7272033691406
1732478114,70840491,base_link,344.37640380859375
1732478115,71415928,base_link,344.1106872558594
1732478116,70780442,base_link,343.4682922363281
1732478117,70541726,base_link,343.3594970703125
1732478118,70228509,base_link,343.0823059082031
1732478119,71056399,base_link,344.443115234375
1732478120,70411485,base_link,346.0389099121094
1732478121,70952672,base_link,346.8345031738281
1732478122,70458621,base_link,345.3554992675781
1732478123,70942326,base_link,345.901611328125
1732478124,70319612,base_link,346.4336853027344
1732478125,70269113,base_link,346.2367858886719
1732478126,70223177,base_link,346.0078125
1732478127,71198029,base_link,345.4435119628906
1732478128,70405039,base_link,346.3258056640625
1732478129,70319423,base_link,346.29620361328125
1732478130,70403427,base_link,346.90948486328125
1732478131,71067146,base_link,348.1628112792969
1732478132,70406666,base_link,348.0262145996094
1732478133,71144994,base_link,349.1888122558594
1732478134,70107081,base_link,347.30718994140625
1732478135,70307748,base_link,346.77508544921875
1732478136,70120448,base_link,346.5090026855469
1732478137,70893277,base_link,346.3147888183594
1732478138,70650680,base_link,347.1805114746094
1732478139,70222598,base_link,345.6929931640625
1732478140,70021436,base_link,347.07440185546875
1732478141,70187175,base_link,347.0434875488281
1732478142,72285951,base_link,347.9202880859375
1732478143,73636047,base_link,346.5845947265625
1732478144,75134357,base_link,347.2821960449219
1732478145,76743216,base_link,346.26458740234375
1732478146,71956395,base_link,346.8086853027344
1732478147,73369974,base_link,346.8273010253906
1732478148,74800471,base_link,349.55560302734375
1732478149,76548972,base_link,346.0610046386719
1732478151,72990230,base_link,348.53118896484375
1732478152,74521825,base_link,345.87188720703125
1732478153,76002443,base_link,347.55279541015625
1732478154,69993162,base_link,347.2438049316406
1732478155,71960345,base_link,346.635498046875
1732478156,73252519,base_link,346.4403076171875
1732478157,74822865,base_link,345.7117919921875
1732478160,73158361,base_link,348.7882995605469
1732478161,74325379,base_link,347.3931884765625
1732478162,70151853,base_link,345.40728759765625
1732478163,71411189,base_link,349.1319885253906
1732478164,72720796,base_link,353.5869140625
1732478165,74196005,base_link,9.237600326538086
1732478166,75559317,base_link,31.019100189208984
1732478167,71179375,base_link,57.59870147705078
1732478168,72393697,base_link,92.55889892578125
1732478169,73886067,base_link,125.42289733886719
1732478170,70685144,base_link,144.96519470214844
1732478171,72699157,base_link,154.89869689941406
1732478172,74138236,base_link,156.9884033203125
1732478173,75685623,base_link,161.70640563964844
1732478174,71270481,base_link,165.9906005859375
1732478175,72697688,base_link,168.8123016357422
1732478176,73887535,base_link,165.4340057373047
1732478177,70708407,base_link,164.335693359375
1732478178,72118324,base_link,161.61659240722656
1732478179,73477213,base_link,160.6269073486328
1732478180,74711003,base_link,161.51280212402344
1732478181,76088269,base_link,163.06329345703125
1732478182,70244114,base_link,164.54949951171875
1732478183,72158331,base_link,165.88259887695312
1732478184,73512085,base_link,164.4333953857422
1732478185,70519919,base_link,164.0330047607422
1732478186,72438741,base_link,164.7093048095703
1732478187,73778554,base_link,162.10150146484375
1732478188,75198994,base_link,158.66709899902344
1732478189,69984586,base_link,158.51280212402344
1732478190,72100281,base_link,157.7664031982422
1732478191,73521392,base_link,157.82769775390625
1732478192,74834539,base_link,158.7864990234375
1732478193,76314747,base_link,159.51609802246094
1732478194,70361836,base_link,159.65370178222656
1732478195,70484701,base_link,159.95030212402344
1732478196,70272649,base_link,157.2100067138672
1732478197,72037674,base_link,157.601806640625
1732478198,73417679,base_link,159.1707000732422
1732478199,75065275,base_link,157.44920349121094
1732478200,76524531,base_link,158.23109436035156
1732478201,70871972,base_link,159.9031982421875
1732478202,70436442,base_link,157.92750549316406
1732478203,71506461,base_link,156.78570556640625
1732478204,70080068,base_link,157.5343017578125
1732478205,70500037,base_link,158.87069702148438
1732478206,70228614,base_link,160.84820556640625
1732478207,69957325,base_link,160.89759826660156
1732478208,70132985,base_link,158.49560546875
1732478209,70688667,base_link,156.43609619140625
1732478210,70190347,base_link,156.67579650878906
1732478211,70235285,base_link,156.98190307617188
1732478212,70305208,base_link,156.5561065673828
1732478213,70878137,base_link,156.80079650878906
1732478214,70129094,base_link,156.73570251464844
1732478215,70361841,base_link,156.76319885253906
1732478216,70178276,base_link,156.73240661621094
1732478217,71065161,base_link,157.46189880371094
1732478218,70105161,base_link,157.71749877929688
1732478219,70290262,base_link,161.6226043701172
1732478220,70077863,base_link,162.3972930908203
1732478221,70140817,base_link,162.62440490722656
1732478222,69831876,base_link,162.51300048828125
1732478223,70897844,base_link,162.36129760742188
1732478224,69956962,base_link,161.65550231933594
1732478225,70136004,base_link,159.8636016845703
1732478226,70262458,base_link,159.42750549316406
1732478227,70804326,base_link,159.451904296875
1732478228,70185568,base_link,160.08700561523438
1732478229,70929883,base_link,161.30389404296875
1732478230,70321538,base_link,163.79400634765625
1732478231,70228048,base_link,165.9248046875
1732478232,70167729,base_link,168.7760009765625
1732478233,70904307,base_link,168.552001953125
1732478234,70043552,base_link,168.69180297851562
1732478235,70991589,base_link,167.36329650878906
1732478236,70084626,base_link,165.79190063476562
1732478237,70148472,base_link,165.7559051513672
1732478238,70170810,base_link,165.35670471191406
1732478239,70355665,base_link,165.28480529785156
1732478240,70005949,base_link,165.60809326171875
1732478241,70199552,base_link,165.2677001953125
1732478242,69903800,base_link,165.4864044189453
1732478243,70586432,base_link,165.77130126953125
1732478244,70146104,base_link,165.139404296875
1732478245,70250824,base_link,166.20199584960938
1732478246,70176192,base_link,166.5070037841797
1732478247,70046513,base_link,165.67930603027344
1732478248,70160885,base_link,166.14649963378906
1732478249,70185075,base_link,165.67539978027344
1732478250,70135725,base_link,165.5865936279297
1732478251,70149926,base_link,165.172607421875
1732478252,70034999,base_link,165.4136962890625
1732478253,71324113,base_link,165.66070556640625
1732478254,69939345,base_link,165.8083953857422
1732478255,69910399,base_link,165.92250061035156
1732478256,69835510,base_link,166.47689819335938
1732478257,70250401,base_link,166.64599609375
